"558","588","634","648","677","705","796","860","973","986","1003","1031","1043","1085","1153","1279","1300","1307","1337","1491"
"C","G","A","C","A","T","A","G","A","C","G","A","G","T","A","G","G","G","A","C"
"C","G","A","C","A","T","A","G","A","C","G","A","G","T","A","G","G","G","G","T"
"C","G","A","C","A","T","A","G","A","C","G","A","G","T","G","G","A","G","A","T"
"C","G","A","C","A","T","A","G","G","T","A","G","A","C","G","A","G","A","A","C"
"C","G","A","C","A","T","A","G","G","T","A","G","A","C","G","A","G","A","A","T"
"T","A","A","C","A","T","A","G","G","T","A","G","A","C","G","A","G","A","A","C"
"T","A","A","C","A","T","A","G","G","T","A","G","A","C","G","A","G","A","A","T"
"T","G","A","C","A","T","A","A","A","T","A","G","G","T","G","G","A","G","A","T"
"T","G","A","C","A","T","A","A","A","T","A","G","G","T","G","G","G","G","G","T"
"T","G","A","C","A","T","A","G","A","C","G","A","G","T","A","G","G","G","A","C"
"T","G","A","C","A","T","A","G","G","T","A","G","A","C","G","A","G","A","A","C"
"T","G","A","C","G","T","G","A","A","T","A","G","G","T","G","G","A","G","A","T"
"T","G","A","C","G","T","G","A","A","T","A","G","G","T","G","G","G","G","G","T"
"T","G","G","T","A","C","A","A","A","T","A","G","G","T","G","G","A","G","A","T"
"T","G","G","T","A","C","A","A","A","T","A","G","G","T","G","G","G","G","G","T"
"T","G","G","T","A","C","A","A","G","C","A","G","G","T","G","A","A","A","G","T"
"T","G","G","T","A","C","A","A","G","T","A","G","A","C","G","A","G","A","A","C"
