"count","558","588","634","648","677","705","796","860","973","986","1003","1031","1043","1085","1153","1279","1300","1307","1337","1491"
1,"C","A","A","C","A","T","A","G","A","C",NA,NA,NA,NA,NA,NA,NA,NA,NA,NA
1,"C","A","A","C","A","T","A","G","A","T","A",NA,NA,NA,NA,NA,NA,NA,NA,NA
1,"C","A","A","C","A","T","A","G","A","T",NA,NA,NA,NA,NA,NA,NA,NA,NA,NA
4,"C","A","A","C","A","T","A","G","G",NA,NA,NA,NA,NA,NA,NA,NA,NA,NA,NA
1,"C","A","A","C","A","T","A","G","G","T","A",NA,NA,NA,NA,NA,NA,NA,NA,NA
3,"C","A","A","C","A","T","A","G","G","T",NA,NA,NA,NA,NA,NA,NA,NA,NA,NA
3,"C","A","A","C","A","T","A","G",NA,NA,NA,NA,NA,NA,NA,NA,NA,NA,NA,NA
1,"C","A","A","C","A","T","A",NA,NA,NA,NA,NA,NA,NA,NA,NA,NA,NA,NA,NA
6,"C","A",NA,NA,NA,NA,NA,NA,NA,NA,NA,NA,NA,NA,NA,NA,NA,NA,NA,NA
1,"C","G","A","C","A","C","A",NA,NA,NA,NA,NA,NA,NA,NA,NA,NA,NA,NA,NA
3,"C","G","A","C","A","C",NA,NA,NA,NA,NA,NA,NA,NA,NA,NA,NA,NA,NA,NA
46,"C","G","A","C","A",NA,NA,NA,NA,NA,NA,NA,NA,NA,NA,NA,NA,NA,NA,NA
2,"C","G","A","C","A","T","A","A",NA,NA,NA,NA,NA,NA,NA,NA,NA,NA,NA,NA
1,"C","G","A","C","A","T","A","G","A","C","A",NA,NA,NA,NA,NA,NA,NA,NA,NA
8,"C","G","A","C","A","T","A","G","A","C","G",NA,NA,NA,NA,NA,NA,NA,NA,NA
22,"C","G","A","C","A","T","A","G","A","C",NA,NA,NA,NA,NA,NA,NA,NA,NA,NA
18,"C","G","A","C","A","T","A","G","A",NA,NA,NA,NA,NA,NA,NA,NA,NA,NA,NA
1,"C","G","A","C","A","T","A","G","A","T",NA,NA,NA,NA,NA,NA,NA,NA,NA,NA
1,"C","G","A","C","A","T","A","G","G","C","G",NA,NA,NA,NA,NA,NA,NA,NA,NA
2,"C","G","A","C","A","T","A","G","G","C",NA,NA,NA,NA,NA,NA,NA,NA,NA,NA
1,"C","G","A","C","A","T","A","G","G",NA,NA,NA,NA,NA,NA,NA,NA,NA,NA,NA
211,"C","G","A","C","A","T","A","G",NA,NA,NA,NA,NA,NA,NA,NA,NA,NA,NA,NA
110,"C","G","A","C","A","T","A",NA,NA,NA,NA,NA,NA,NA,NA,NA,NA,NA,NA,NA
3,"C","G","A","C","A","T","G",NA,NA,NA,NA,NA,NA,NA,NA,NA,NA,NA,NA,NA
151,"C","G","A","C","A","T",NA,NA,NA,NA,NA,NA,NA,NA,NA,NA,NA,NA,NA,NA
4,"C","G","A","C","G",NA,NA,NA,NA,NA,NA,NA,NA,NA,NA,NA,NA,NA,NA,NA
1,"C","G","A","C","G","T","A","G","A","C",NA,NA,NA,NA,NA,NA,NA,NA,NA,NA
1,"C","G","A","C","G","T","A","G",NA,NA,NA,NA,NA,NA,NA,NA,NA,NA,NA,NA
2,"C","G","A","C","G","T","G","A",NA,NA,NA,NA,NA,NA,NA,NA,NA,NA,NA,NA
1,"C","G","A","C","G","T",NA,NA,NA,NA,NA,NA,NA,NA,NA,NA,NA,NA,NA,NA
43,"C","G","A","C",NA,NA,NA,NA,NA,NA,NA,NA,NA,NA,NA,NA,NA,NA,NA,NA
24,"C","G","A",NA,NA,NA,NA,NA,NA,NA,NA,NA,NA,NA,NA,NA,NA,NA,NA,NA
1,"C","G","A","T",NA,NA,NA,NA,NA,NA,NA,NA,NA,NA,NA,NA,NA,NA,NA,NA
2,"C","G","G","C",NA,NA,NA,NA,NA,NA,NA,NA,NA,NA,NA,NA,NA,NA,NA,NA
1,"C","G","G",NA,NA,NA,NA,NA,NA,NA,NA,NA,NA,NA,NA,NA,NA,NA,NA,NA
1,"C","G","G","T","A","C","A","A","G","C",NA,NA,NA,NA,NA,NA,NA,NA,NA,NA
1,"C","G","G","T","A",NA,NA,NA,NA,NA,NA,NA,NA,NA,NA,NA,NA,NA,NA,NA
86,"C","G",NA,NA,NA,NA,NA,NA,NA,NA,NA,NA,NA,NA,NA,NA,NA,NA,NA,NA
58,"C",NA,NA,NA,NA,NA,NA,NA,NA,NA,NA,NA,NA,NA,NA,NA,NA,NA,NA,NA
2,NA,"A","A","C","A","T","A","A","A","T","A",NA,NA,NA,NA,NA,NA,NA,NA,NA
3,NA,"A","A","C","A","T","A","G","A","C","G",NA,NA,NA,NA,NA,NA,NA,NA,NA
1,NA,"A","A","C","A","T","A","G","A","T","A",NA,NA,NA,NA,NA,NA,NA,NA,NA
2,NA,"A","A","C","A","T","A","G","G","C","A",NA,NA,NA,NA,NA,NA,NA,NA,NA
53,NA,"A","A","C","A","T","A","G","G","T","A","G",NA,NA,NA,NA,NA,NA,NA,NA
166,NA,"A","A","C","A","T","A","G","G","T","A",NA,NA,NA,NA,NA,NA,NA,NA,NA
6,NA,"A","A","C","A","T","A","G","G","T","G",NA,NA,NA,NA,NA,NA,NA,NA,NA
1,NA,"A","A","C","G","T","G","A","A","T","A","G",NA,NA,NA,NA,NA,NA,NA,NA
3,NA,"A","A","C","G","T","G","A","A","T","A",NA,NA,NA,NA,NA,NA,NA,NA,NA
1,NA,"A","G","T","A","C","A","A","G","C","A","G",NA,NA,NA,NA,NA,NA,NA,NA
1,NA,"A","G","T","A","C","A","A","G","C","A",NA,NA,NA,NA,NA,NA,NA,NA,NA
5,NA,"G","A","C","A","T","A","A","A","T","A","G",NA,NA,NA,NA,NA,NA,NA,NA
10,NA,"G","A","C","A","T","A","A","A","T","A",NA,NA,NA,NA,NA,NA,NA,NA,NA
2,NA,"G","A","C","A","T","A","G","A","C","A","A",NA,NA,NA,NA,NA,NA,NA,NA
2,NA,"G","A","C","A","T","A","G","A","C","A",NA,NA,NA,NA,NA,NA,NA,NA,NA
20,NA,"G","A","C","A","T","A","G","A","C","G","A",NA,NA,NA,NA,NA,NA,NA,NA
1,NA,"G","A","C","A","T","A","G","A","C","G","G",NA,NA,NA,NA,NA,NA,NA,NA
27,NA,"G","A","C","A","T","A","G","A","C","G",NA,NA,NA,NA,NA,NA,NA,NA,NA
4,NA,"G","A","C","A","T","A","G","A","T","G",NA,NA,NA,NA,NA,NA,NA,NA,NA
5,NA,"G","A","C","A","T","A","G","G","T","A",NA,NA,NA,NA,NA,NA,NA,NA,NA
1,NA,"G","A","C","A","T","A","G","G","T","G",NA,NA,NA,NA,NA,NA,NA,NA,NA
3,NA,"G","A","C","G","T","G","A","A","C","A",NA,NA,NA,NA,NA,NA,NA,NA,NA
29,NA,"G","A","C","G","T","G","A","A","T","A","G",NA,NA,NA,NA,NA,NA,NA,NA
63,NA,"G","A","C","G","T","G","A","A","T","A",NA,NA,NA,NA,NA,NA,NA,NA,NA
3,NA,"G","A","C","G","T","G","A","A","T","G",NA,NA,NA,NA,NA,NA,NA,NA,NA
1,NA,"G","A","C","G","T","G","G","A","T","A",NA,NA,NA,NA,NA,NA,NA,NA,NA
2,NA,"G","G","C","G","T","G","A","A","T","A",NA,NA,NA,NA,NA,NA,NA,NA,NA
5,NA,"G","G","T","A","C","A","A","G","C","A","G",NA,NA,NA,NA,NA,NA,NA,NA
12,NA,"G","G","T","A","C","A","A","G","C","A",NA,NA,NA,NA,NA,NA,NA,NA,NA
1,NA,"G","G","T","A","C","A","A","G","C","G",NA,NA,NA,NA,NA,NA,NA,NA,NA
1,NA,"G","G","T","A","C","A","A","G","T","A","G",NA,NA,NA,NA,NA,NA,NA,NA
2,NA,"G","G","T","A","C","A","A","G","T","A",NA,NA,NA,NA,NA,NA,NA,NA,NA
1,NA,NA,"A","C","A","C","A","G","G","T","A","G","A",NA,NA,NA,NA,NA,NA,NA
22,NA,NA,"A","C","A","T","A","A","A","T","A","G","G",NA,NA,NA,NA,NA,NA,NA
2,NA,NA,"A","C","A","T","A","A","A","T","A","G",NA,NA,NA,NA,NA,NA,NA,NA
1,NA,NA,"A","C","A","T","A","A","G","T","A","G","A",NA,NA,NA,NA,NA,NA,NA
1,NA,NA,"A","C","A","T","A","G","A","C","A","A",NA,NA,NA,NA,NA,NA,NA,NA
1,NA,NA,"A","C","A","T","A","G","A","C","G","A","A",NA,NA,NA,NA,NA,NA,NA
73,NA,NA,"A","C","A","T","A","G","A","C","G","A","G",NA,NA,NA,NA,NA,NA,NA
10,NA,NA,"A","C","A","T","A","G","A","C","G","A",NA,NA,NA,NA,NA,NA,NA,NA
1,NA,NA,"A","C","A","T","A","G","A","C","G","G","G",NA,NA,NA,NA,NA,NA,NA
1,NA,NA,"A","C","A","T","A","G","A","C","G","G",NA,NA,NA,NA,NA,NA,NA,NA
3,NA,NA,"A","C","A","T","A","G","A","T","A","G","A",NA,NA,NA,NA,NA,NA,NA
4,NA,NA,"A","C","A","T","A","G","A","T","A","G","G",NA,NA,NA,NA,NA,NA,NA
1,NA,NA,"A","C","A","T","A","G","G","C","A","G","A",NA,NA,NA,NA,NA,NA,NA
1,NA,NA,"A","C","A","T","A","G","G","C","G","G","G",NA,NA,NA,NA,NA,NA,NA
4,NA,NA,"A","C","A","T","A","G","G","T","A","A","A",NA,NA,NA,NA,NA,NA,NA
274,NA,NA,"A","C","A","T","A","G","G","T","A","G","A",NA,NA,NA,NA,NA,NA,NA
6,NA,NA,"A","C","A","T","A","G","G","T","A","G","G",NA,NA,NA,NA,NA,NA,NA
41,NA,NA,"A","C","A","T","A","G","G","T","A","G",NA,NA,NA,NA,NA,NA,NA,NA
11,NA,NA,"A","C","A","T","A","G","G","T","G","G","G",NA,NA,NA,NA,NA,NA,NA
2,NA,NA,"A","C","A","T","A","G","G","T","G","G",NA,NA,NA,NA,NA,NA,NA,NA
1,NA,NA,"A","C","A","T","G","A","A","T","A","G","G",NA,NA,NA,NA,NA,NA,NA
1,NA,NA,"A","C","G","T","A","G","A","C","G","A","G",NA,NA,NA,NA,NA,NA,NA
1,NA,NA,"A","C","G","T","A","G","G","T","A","G",NA,NA,NA,NA,NA,NA,NA,NA
3,NA,NA,"A","C","G","T","G","A","A","T","A","A","G",NA,NA,NA,NA,NA,NA,NA
8,NA,NA,"A","C","G","T","G","A","A","T","A","G","A",NA,NA,NA,NA,NA,NA,NA
111,NA,NA,"A","C","G","T","G","A","A","T","A","G","G",NA,NA,NA,NA,NA,NA,NA
14,NA,NA,"A","C","G","T","G","A","A","T","A","G",NA,NA,NA,NA,NA,NA,NA,NA
1,NA,NA,"A","C","G","T","G","A","G","T","A","G","G",NA,NA,NA,NA,NA,NA,NA
1,NA,NA,"A","C","G","T","G","G","A","T","A","G","G",NA,NA,NA,NA,NA,NA,NA
2,NA,NA,"A","T","A","C","A","A","G","C","A","G","G",NA,NA,NA,NA,NA,NA,NA
2,NA,NA,"A","T","A","T","A","A","A","T","A","G","G",NA,NA,NA,NA,NA,NA,NA
8,NA,NA,"A","T","A","T","A","G","G","T","A","G","A",NA,NA,NA,NA,NA,NA,NA
6,NA,NA,"A","T","G","T","G","A","A","T","A","G","G",NA,NA,NA,NA,NA,NA,NA
1,NA,NA,"G","C","A","T","A","A","A","T","A","G","G",NA,NA,NA,NA,NA,NA,NA
5,NA,NA,"G","C","A","T","A","G","A","C","G","A","G",NA,NA,NA,NA,NA,NA,NA
4,NA,NA,"G","C","A","T","A","G","G","T","A","G","A",NA,NA,NA,NA,NA,NA,NA
1,NA,NA,"G","C","G","T","G","A","A","T","A","G","A",NA,NA,NA,NA,NA,NA,NA
5,NA,NA,"G","C","G","T","G","A","A","T","A","G","G",NA,NA,NA,NA,NA,NA,NA
40,NA,NA,"G","T","A","C","A","A","G","C","A","G","G",NA,NA,NA,NA,NA,NA,NA
6,NA,NA,"G","T","A","C","A","A","G","C","A","G",NA,NA,NA,NA,NA,NA,NA,NA
1,NA,NA,"G","T","A","C","G","A","G","C","A","G","G",NA,NA,NA,NA,NA,NA,NA
1,NA,NA,NA,"C","A","C","A","A","G","C","A","G","G","T",NA,NA,NA,NA,NA,NA
5,NA,NA,NA,"C","A","T","A","A","A","T","A","G","G","T",NA,NA,NA,NA,NA,NA
3,NA,NA,NA,"C","A","T","A","G","A","C","G","A","G","C",NA,NA,NA,NA,NA,NA
1,NA,NA,NA,"C","A","T","A","G","A","C","G","A","G",NA,NA,NA,NA,NA,NA,NA
13,NA,NA,NA,"C","A","T","A","G","A","C","G","A","G","T",NA,NA,NA,NA,NA,NA
91,NA,NA,NA,"C","A","T","A","G","G","T","A","G","A","C",NA,NA,NA,NA,NA,NA
9,NA,NA,NA,"C","A","T","A","G","G","T","A","G","A",NA,NA,NA,NA,NA,NA,NA
2,NA,NA,NA,"C","A","T","A","G","G","T","A","G","A","T",NA,NA,NA,NA,NA,NA
1,NA,NA,NA,"C","A","T","A","G","G","T","G","G","A",NA,NA,NA,NA,NA,NA,NA
1,NA,NA,NA,"C","A","T","A","G","G","T","G","G","G",NA,NA,NA,NA,NA,NA,NA
1,NA,NA,NA,"C","A","T","A","G","G","T","G","G","G","T",NA,NA,NA,NA,NA,NA
2,NA,NA,NA,"C","G","T","A","G","G","T","A","G","A","C",NA,NA,NA,NA,NA,NA
1,NA,NA,NA,"C","G","T","A","G","G","T","A","G","A",NA,NA,NA,NA,NA,NA,NA
1,NA,NA,NA,"C","G","T","G","A","A","T","A","G","A","T",NA,NA,NA,NA,NA,NA
4,NA,NA,NA,"C","G","T","G","A","A","T","A","G","G","C",NA,NA,NA,NA,NA,NA
5,NA,NA,NA,"C","G","T","G","A","A","T","A","G","G",NA,NA,NA,NA,NA,NA,NA
31,NA,NA,NA,"C","G","T","G","A","A","T","A","G","G","T",NA,NA,NA,NA,NA,NA
1,NA,NA,NA,NA,"A","C","A","A","G","C","A","G","G","C",NA,NA,NA,NA,NA,NA
24,NA,NA,NA,NA,"A","C","A","A","G","C","A","G","G","T",NA,NA,NA,NA,NA,NA
1,NA,NA,NA,NA,"A","T","A","A","A","T","A","G","G","C",NA,NA,NA,NA,NA,NA
14,NA,NA,NA,NA,"A","T","A","A","A","T","A","G","G","T",NA,NA,NA,NA,NA,NA
1,NA,NA,NA,NA,"A","T","A","A","G","C","A","G","G","T",NA,NA,NA,NA,NA,NA
50,NA,NA,NA,NA,"A","T","A","G","A","C","G","A","G","T",NA,NA,NA,NA,NA,NA
1,NA,NA,NA,NA,"A","T","A","G","A","T","A","G","G","C",NA,NA,NA,NA,NA,NA
3,NA,NA,NA,NA,"A","T","A","G","A","T","A","G","G","T",NA,NA,NA,NA,NA,NA
215,NA,NA,NA,NA,"A","T","A","G","G","T","A","G","A","C",NA,NA,NA,NA,NA,NA
4,NA,NA,NA,NA,"A","T","A","G","G","T","A","G","A","T",NA,NA,NA,NA,NA,NA
1,NA,NA,NA,NA,"A","T","A","G","G","T","G","G","G","C",NA,NA,NA,NA,NA,NA
5,NA,NA,NA,NA,"A","T","A","G","G","T","G","G","G","T",NA,NA,NA,NA,NA,NA
7,NA,NA,NA,NA,"A","T","G","A","A","T","A","G","G","T",NA,NA,NA,NA,NA,NA
3,NA,NA,NA,NA,"G","T","A","G","A","C","G","A","G","T",NA,NA,NA,NA,NA,NA
5,NA,NA,NA,NA,"G","T","A","G","G","T","A","G","A","C",NA,NA,NA,NA,NA,NA
1,NA,NA,NA,NA,"G","T","A","G","G","T","G","G","G","T",NA,NA,NA,NA,NA,NA
1,NA,NA,NA,NA,"G","T","G","A","A","T","A","G","A","T",NA,NA,NA,NA,NA,NA
5,NA,NA,NA,NA,"G","T","G","A","A","T","A","G","G","C",NA,NA,NA,NA,NA,NA
100,NA,NA,NA,NA,"G","T","G","A","A","T","A","G","G","T",NA,NA,NA,NA,NA,NA
1,NA,NA,NA,NA,NA,"C","A","A","A","T","A","G","G","T",NA,NA,NA,NA,NA,NA
2,NA,NA,NA,NA,NA,"C","A","A","G","C","A","G","G","T","G",NA,NA,NA,NA,NA
23,NA,NA,NA,NA,NA,"C","A","A","G","C","A","G","G","T",NA,NA,NA,NA,NA,NA
4,NA,NA,NA,NA,NA,"C","A","G","G","T","A","G","A","C",NA,NA,NA,NA,NA,NA
1,NA,NA,NA,NA,NA,"C","A","G","G","T","G","G","G","T",NA,NA,NA,NA,NA,NA
1,NA,NA,NA,NA,NA,"C","G","A","A","T","A","G","G","T","G",NA,NA,NA,NA,NA
1,NA,NA,NA,NA,NA,"C","G","A","A","T","A","G","G","T",NA,NA,NA,NA,NA,NA
2,NA,NA,NA,NA,NA,NA,"A","A","A","T","A","G","G","T","A",NA,NA,NA,NA,NA
42,NA,NA,NA,NA,NA,NA,"A","A","A","T","A","G","G","T","G",NA,NA,NA,NA,NA
1,NA,NA,NA,NA,NA,NA,"A","A","G","C","A","G","G","C","G",NA,NA,NA,NA,NA
2,NA,NA,NA,NA,NA,NA,"A","A","G","C","A","G","G","T","A",NA,NA,NA,NA,NA
68,NA,NA,NA,NA,NA,NA,"A","A","G","C","A","G","G","T","G",NA,NA,NA,NA,NA
152,NA,NA,NA,NA,NA,NA,"A","G","A","C","G","A","G","T","A",NA,NA,NA,NA,NA
6,NA,NA,NA,NA,NA,NA,"A","G","A","C","G","A","G","T","G",NA,NA,NA,NA,NA
1,NA,NA,NA,NA,NA,NA,"A","G","A","T","A","G","A","C","G",NA,NA,NA,NA,NA
11,NA,NA,NA,NA,NA,NA,"A","G","A","T","A","G","G","T","G",NA,NA,NA,NA,NA
2,NA,NA,NA,NA,NA,NA,"A","G","A","T","G","A","G","T","A",NA,NA,NA,NA,NA
8,NA,NA,NA,NA,NA,NA,"A","G","G","T","A","G","A","C","A",NA,NA,NA,NA,NA
669,NA,NA,NA,NA,NA,NA,"A","G","G","T","A","G","A","C","G",NA,NA,NA,NA,NA
1,NA,NA,NA,NA,NA,NA,"A","G","G","T","A","G","A","T","G",NA,NA,NA,NA,NA
17,NA,NA,NA,NA,NA,NA,"A","G","G","T","G","G","G","T","G",NA,NA,NA,NA,NA
1,NA,NA,NA,NA,NA,NA,"G","A","A","T","A","G","A","T","G",NA,NA,NA,NA,NA
3,NA,NA,NA,NA,NA,NA,"G","A","A","T","A","G","G","T","A",NA,NA,NA,NA,NA
323,NA,NA,NA,NA,NA,NA,"G","A","A","T","A","G","G","T","G",NA,NA,NA,NA,NA
1,NA,NA,NA,NA,NA,NA,"G","G","A","T","A","G","G","T","G",NA,NA,NA,NA,NA
5,NA,NA,NA,NA,NA,NA,"G","G","G","T","A","G","A","C","G",NA,NA,NA,NA,NA
1,NA,NA,NA,NA,NA,NA,NA,"A","A","C","G","A","G","T","A","G","G",NA,NA,NA
1,NA,NA,NA,NA,NA,NA,NA,"A","A","T","A","A","G","T","G",NA,NA,NA,NA,NA
1,NA,NA,NA,NA,NA,NA,NA,"A","A","T","A","G","G","C","G",NA,NA,NA,NA,NA
1,NA,NA,NA,NA,NA,NA,NA,"A","A","T","A","G","G","T","G","A","G","G",NA,NA
2,NA,NA,NA,NA,NA,NA,NA,"A","A","T","A","G","G","T","G","A","G",NA,NA,NA
10,NA,NA,NA,NA,NA,NA,NA,"A","A","T","A","G","G","T","G","A",NA,NA,NA,NA
2,NA,NA,NA,NA,NA,NA,NA,"A","A","T","A","G","G","T","G","G","A","G",NA,NA
3,NA,NA,NA,NA,NA,NA,NA,"A","A","T","A","G","G","T","G","G","A",NA,NA,NA
2,NA,NA,NA,NA,NA,NA,NA,"A","A","T","A","G","G","T","G","G","G","A",NA,NA
14,NA,NA,NA,NA,NA,NA,NA,"A","A","T","A","G","G","T","G","G","G","G",NA,NA
23,NA,NA,NA,NA,NA,NA,NA,"A","A","T","A","G","G","T","G","G","G",NA,NA,NA
78,NA,NA,NA,NA,NA,NA,NA,"A","A","T","A","G","G","T","G","G",NA,NA,NA,NA
145,NA,NA,NA,NA,NA,NA,NA,"A","A","T","A","G","G","T","G",NA,NA,NA,NA,NA
2,NA,NA,NA,NA,NA,NA,NA,"A","G","C","A","G","G","T","G","A","A","A",NA,NA
8,NA,NA,NA,NA,NA,NA,NA,"A","G","C","A","G","G","T","G","A","A",NA,NA,NA
13,NA,NA,NA,NA,NA,NA,NA,"A","G","C","A","G","G","T","G","A",NA,NA,NA,NA
29,NA,NA,NA,NA,NA,NA,NA,"A","G","C","A","G","G","T","G",NA,NA,NA,NA,NA
5,NA,NA,NA,NA,NA,NA,NA,"A","G","T","A","G","A","C","G","A",NA,NA,NA,NA
4,NA,NA,NA,NA,NA,NA,NA,"A","G","T","A","G","A","C","G",NA,NA,NA,NA,NA
1,NA,NA,NA,NA,NA,NA,NA,"G","A","C","G","A","G","T","A","A","G","G",NA,NA
3,NA,NA,NA,NA,NA,NA,NA,"G","A","C","G","A","G","T","A","A",NA,NA,NA,NA
4,NA,NA,NA,NA,NA,NA,NA,"G","A","C","G","A","G","T","A","G","G","G",NA,NA
11,NA,NA,NA,NA,NA,NA,NA,"G","A","C","G","A","G","T","A","G","G",NA,NA,NA
25,NA,NA,NA,NA,NA,NA,NA,"G","A","C","G","A","G","T","A","G",NA,NA,NA,NA
66,NA,NA,NA,NA,NA,NA,NA,"G","A","C","G","A","G","T","A",NA,NA,NA,NA,NA
2,NA,NA,NA,NA,NA,NA,NA,"G","A","T","A","G","G","T","G","A","G","A",NA,NA
8,NA,NA,NA,NA,NA,NA,NA,"G","A","T","A","G","G","T","G","A",NA,NA,NA,NA
5,NA,NA,NA,NA,NA,NA,NA,"G","A","T","A","G","G","T","G","G",NA,NA,NA,NA
6,NA,NA,NA,NA,NA,NA,NA,"G","A","T","A","G","G","T","G",NA,NA,NA,NA,NA
1,NA,NA,NA,NA,NA,NA,NA,"G","G","C","A","G","G","T","G",NA,NA,NA,NA,NA
1,NA,NA,NA,NA,NA,NA,NA,"G","G","T","A","A","A","C","G","A",NA,NA,NA,NA
1,NA,NA,NA,NA,NA,NA,NA,"G","G","T","A","A","A","C","G",NA,NA,NA,NA,NA
1,NA,NA,NA,NA,NA,NA,NA,"G","G","T","A","G","A","C","A","A",NA,NA,NA,NA
1,NA,NA,NA,NA,NA,NA,NA,"G","G","T","A","G","A","C","G","A","A",NA,NA,NA
19,NA,NA,NA,NA,NA,NA,NA,"G","G","T","A","G","A","C","G","A","G","A",NA,NA
46,NA,NA,NA,NA,NA,NA,NA,"G","G","T","A","G","A","C","G","A","G",NA,NA,NA
129,NA,NA,NA,NA,NA,NA,NA,"G","G","T","A","G","A","C","G","A",NA,NA,NA,NA
1,NA,NA,NA,NA,NA,NA,NA,"G","G","T","A","G","A","C","G","G","G","A",NA,NA
5,NA,NA,NA,NA,NA,NA,NA,"G","G","T","A","G","A","C","G","G",NA,NA,NA,NA
281,NA,NA,NA,NA,NA,NA,NA,"G","G","T","A","G","A","C","G",NA,NA,NA,NA,NA
1,NA,NA,NA,NA,NA,NA,NA,"G","G","T","A","G","A","T","G",NA,NA,NA,NA,NA
1,NA,NA,NA,NA,NA,NA,NA,"G","G","T","G","G","G","T","G","A","G","G",NA,NA
4,NA,NA,NA,NA,NA,NA,NA,"G","G","T","G","G","G","T","G","A",NA,NA,NA,NA
13,NA,NA,NA,NA,NA,NA,NA,"G","G","T","G","G","G","T","G",NA,NA,NA,NA,NA
1,NA,NA,NA,NA,NA,NA,NA,NA,"A","C","A","A","G","T","A","G","G","G","A",NA
1,NA,NA,NA,NA,NA,NA,NA,NA,"A","C","A","A","G","T","A","G","G","G",NA,NA
1,NA,NA,NA,NA,NA,NA,NA,NA,"A","C","A","G","G","T","G","G","G","G","G",NA
1,NA,NA,NA,NA,NA,NA,NA,NA,"A","C","G","A","G","C","A","G","G","G","A",NA
1,NA,NA,NA,NA,NA,NA,NA,NA,"A","C","G","A","G","T","A","A","G","G","A",NA
1,NA,NA,NA,NA,NA,NA,NA,NA,"A","C","G","A","G","T","A","G","G","A","A",NA
2,NA,NA,NA,NA,NA,NA,NA,NA,"A","C","G","A","G","T","A","G","G","A",NA,NA
137,NA,NA,NA,NA,NA,NA,NA,NA,"A","C","G","A","G","T","A","G","G","G","A",NA
53,NA,NA,NA,NA,NA,NA,NA,NA,"A","C","G","A","G","T","A","G","G","G",NA,NA
2,NA,NA,NA,NA,NA,NA,NA,NA,"A","C","G","A","G","T","G","G","G","G","A",NA
1,NA,NA,NA,NA,NA,NA,NA,NA,"A","C","G","G","G","T","A","G","G","G","A",NA
1,NA,NA,NA,NA,NA,NA,NA,NA,"A","T","A","A","G","T","G","G","G","G",NA,NA
1,NA,NA,NA,NA,NA,NA,NA,NA,"A","T","A","G","A","C","G","A","G","A","A",NA
2,NA,NA,NA,NA,NA,NA,NA,NA,"A","T","A","G","G","C","G","G","G","G","G",NA
1,NA,NA,NA,NA,NA,NA,NA,NA,"A","T","A","G","G","T","A","G","G","G","G",NA
5,NA,NA,NA,NA,NA,NA,NA,NA,"A","T","A","G","G","T","G","A","G","A","G",NA
5,NA,NA,NA,NA,NA,NA,NA,NA,"A","T","A","G","G","T","G","A","G","A",NA,NA
1,NA,NA,NA,NA,NA,NA,NA,NA,"A","T","A","G","G","T","G","A","G","G","G",NA
25,NA,NA,NA,NA,NA,NA,NA,NA,"A","T","A","G","G","T","G","G","A","G","A",NA
1,NA,NA,NA,NA,NA,NA,NA,NA,"A","T","A","G","G","T","G","G","A","G","G",NA
10,NA,NA,NA,NA,NA,NA,NA,NA,"A","T","A","G","G","T","G","G","A","G",NA,NA
10,NA,NA,NA,NA,NA,NA,NA,NA,"A","T","A","G","G","T","G","G","G","A",NA,NA
12,NA,NA,NA,NA,NA,NA,NA,NA,"A","T","A","G","G","T","G","G","G","G","A",NA
279,NA,NA,NA,NA,NA,NA,NA,NA,"A","T","A","G","G","T","G","G","G","G","G",NA
74,NA,NA,NA,NA,NA,NA,NA,NA,"A","T","A","G","G","T","G","G","G","G",NA,NA
3,NA,NA,NA,NA,NA,NA,NA,NA,"A","T","G","A","G","T","A","G","G","G","A",NA
1,NA,NA,NA,NA,NA,NA,NA,NA,"A","T","G","G","G","T","G","G","G","G","G",NA
5,NA,NA,NA,NA,NA,NA,NA,NA,"G","C","A","G","A","C","G","A","G","A","A",NA
1,NA,NA,NA,NA,NA,NA,NA,NA,"G","C","A","G","A","C","G","A","G","G","A",NA
3,NA,NA,NA,NA,NA,NA,NA,NA,"G","C","A","G","G","T","G","A","A","A","A",NA
67,NA,NA,NA,NA,NA,NA,NA,NA,"G","C","A","G","G","T","G","A","A","A","G",NA
23,NA,NA,NA,NA,NA,NA,NA,NA,"G","C","A","G","G","T","G","A","A","A",NA,NA
1,NA,NA,NA,NA,NA,NA,NA,NA,"G","C","A","G","G","T","G","A","A","G",NA,NA
1,NA,NA,NA,NA,NA,NA,NA,NA,"G","C","A","G","G","T","G","A","G","A","G",NA
1,NA,NA,NA,NA,NA,NA,NA,NA,"G","C","A","G","G","T","G","A","G","A",NA,NA
4,NA,NA,NA,NA,NA,NA,NA,NA,"G","C","G","A","G","T","A","G","G","G","A",NA
1,NA,NA,NA,NA,NA,NA,NA,NA,"G","T","A","G","A","C","A","A","G","A",NA,NA
1,NA,NA,NA,NA,NA,NA,NA,NA,"G","T","A","G","A","C","A","G","G","A",NA,NA
2,NA,NA,NA,NA,NA,NA,NA,NA,"G","T","A","G","A","C","G","A","A","A","A",NA
5,NA,NA,NA,NA,NA,NA,NA,NA,"G","T","A","G","A","C","G","A","A","A",NA,NA
638,NA,NA,NA,NA,NA,NA,NA,NA,"G","T","A","G","A","C","G","A","G","A","A",NA
9,NA,NA,NA,NA,NA,NA,NA,NA,"G","T","A","G","A","C","G","A","G","A","G",NA
174,NA,NA,NA,NA,NA,NA,NA,NA,"G","T","A","G","A","C","G","A","G","A",NA,NA
1,NA,NA,NA,NA,NA,NA,NA,NA,"G","T","A","G","A","C","G","A","G","G","A",NA
7,NA,NA,NA,NA,NA,NA,NA,NA,"G","T","A","G","A","C","G","A","G","G",NA,NA
2,NA,NA,NA,NA,NA,NA,NA,NA,"G","T","A","G","A","C","G","G","G","A",NA,NA
1,NA,NA,NA,NA,NA,NA,NA,NA,"G","T","A","G","A","T","G","A","G","A","A",NA
2,NA,NA,NA,NA,NA,NA,NA,NA,"G","T","A","G","G","T","G","A","A","A","G",NA
9,NA,NA,NA,NA,NA,NA,NA,NA,"G","T","A","G","G","T","G","G","G","G","G",NA
1,NA,NA,NA,NA,NA,NA,NA,NA,"G","T","G","G","A","T","G","A","G","G","A",NA
24,NA,NA,NA,NA,NA,NA,NA,NA,"G","T","G","G","G","T","G","A","G","G","A",NA
5,NA,NA,NA,NA,NA,NA,NA,NA,"G","T","G","G","G","T","G","A","G","G",NA,NA
1,NA,NA,NA,NA,NA,NA,NA,NA,NA,"C","A","A","G","T","A","G","G","G","A",NA
4,NA,NA,NA,NA,NA,NA,NA,NA,NA,"C","A","G","A","C","G","A","G","A","A",NA
10,NA,NA,NA,NA,NA,NA,NA,NA,NA,"C","A","G","G","T","G","A","A","A","G",NA
16,NA,NA,NA,NA,NA,NA,NA,NA,NA,"C","G","A","G","T","A","G","G","G","A",NA
1,NA,NA,NA,NA,NA,NA,NA,NA,NA,"C","G","G","G","T","G","A","A","A","G",NA
1,NA,NA,NA,NA,NA,NA,NA,NA,NA,NA,"A","A","G","T","A","G","G","G","A",NA
120,NA,NA,NA,NA,NA,NA,NA,NA,NA,NA,"A","G","A","C","G","A","G","A","A",NA
1,NA,NA,NA,NA,NA,NA,NA,NA,NA,NA,"A","G","A","T","G","A","A","A","G",NA
1,NA,NA,NA,NA,NA,NA,NA,NA,NA,NA,"A","G","A","T","G","A","G","A","A",NA
15,NA,NA,NA,NA,NA,NA,NA,NA,NA,NA,"A","G","G","T","G","A","A","A","G",NA
5,NA,NA,NA,NA,NA,NA,NA,NA,NA,NA,"A","G","G","T","G","A","G","A","G",NA
1,NA,NA,NA,NA,NA,NA,NA,NA,NA,NA,"A","G","G","T","G","A","G","G","A",NA
10,NA,NA,NA,NA,NA,NA,NA,NA,NA,NA,"A","G","G","T","G","G","A","G","A",NA
70,NA,NA,NA,NA,NA,NA,NA,NA,NA,NA,"A","G","G","T","G","G","G","G","G",NA
1,NA,NA,NA,NA,NA,NA,NA,NA,NA,NA,"G","A","G","C","A","G","G","G","A",NA
22,NA,NA,NA,NA,NA,NA,NA,NA,NA,NA,"G","A","G","T","A","G","G","G","A",NA
3,NA,NA,NA,NA,NA,NA,NA,NA,NA,NA,"G","G","A","C","G","A","G","A","A",NA
5,NA,NA,NA,NA,NA,NA,NA,NA,NA,NA,"G","G","G","T","G","A","G","G","A",NA
1,NA,NA,NA,NA,NA,NA,NA,NA,NA,NA,"G","G","G","T","G","G","A","G","A",NA
2,NA,NA,NA,NA,NA,NA,NA,NA,NA,NA,"G","G","G","T","G","G","G","G","G",NA
5,NA,NA,NA,NA,NA,NA,NA,NA,NA,NA,NA,"A","A","C","G","A","G","A","A",NA
2,NA,NA,NA,NA,NA,NA,NA,NA,NA,NA,NA,"A","A","T","A","G","G","G","A",NA
45,NA,NA,NA,NA,NA,NA,NA,NA,NA,NA,NA,"A","G","T","A","G","G","G","A",NA
3,NA,NA,NA,NA,NA,NA,NA,NA,NA,NA,NA,"A","G","T","G","G","G","G","G",NA
213,NA,NA,NA,NA,NA,NA,NA,NA,NA,NA,NA,"G","A","C","G","A","G","A","A",NA
2,NA,NA,NA,NA,NA,NA,NA,NA,NA,NA,NA,"G","A","T","G","A","A","A","G",NA
5,NA,NA,NA,NA,NA,NA,NA,NA,NA,NA,NA,"G","A","T","G","G","G","G","G",NA
1,NA,NA,NA,NA,NA,NA,NA,NA,NA,NA,NA,"G","G","C","G","A","A","A","G",NA
2,NA,NA,NA,NA,NA,NA,NA,NA,NA,NA,NA,"G","G","C","G","A","G","A","A",NA
1,NA,NA,NA,NA,NA,NA,NA,NA,NA,NA,NA,"G","G","C","G","G","G","G","G",NA
1,NA,NA,NA,NA,NA,NA,NA,NA,NA,NA,NA,"G","G","T","A","G","G","G","A",NA
25,NA,NA,NA,NA,NA,NA,NA,NA,NA,NA,NA,"G","G","T","G","A","A","A","G",NA
4,NA,NA,NA,NA,NA,NA,NA,NA,NA,NA,NA,"G","G","T","G","A","G","A","G",NA
5,NA,NA,NA,NA,NA,NA,NA,NA,NA,NA,NA,"G","G","T","G","A","G","G","A",NA
15,NA,NA,NA,NA,NA,NA,NA,NA,NA,NA,NA,"G","G","T","G","G","A","G","A",NA
1,NA,NA,NA,NA,NA,NA,NA,NA,NA,NA,NA,"G","G","T","G","G","G","A","G",NA
83,NA,NA,NA,NA,NA,NA,NA,NA,NA,NA,NA,"G","G","T","G","G","G","G","G",NA
2,NA,NA,NA,NA,NA,NA,NA,NA,NA,NA,NA,NA,"A","C","G","A","G","A","A","C"
67,NA,NA,NA,NA,NA,NA,NA,NA,NA,NA,NA,NA,"A","C","G","A","G","A","A",NA
17,NA,NA,NA,NA,NA,NA,NA,NA,NA,NA,NA,NA,"A","C","G","A","G","A","A","T"
1,NA,NA,NA,NA,NA,NA,NA,NA,NA,NA,NA,NA,"A","C","G","G","G","G","G",NA
2,NA,NA,NA,NA,NA,NA,NA,NA,NA,NA,NA,NA,"A","T","G","A","A","A","G",NA
2,NA,NA,NA,NA,NA,NA,NA,NA,NA,NA,NA,NA,"A","T","G","A","A","A","G","T"
2,NA,NA,NA,NA,NA,NA,NA,NA,NA,NA,NA,NA,"A","T","G","G","G","G","G",NA
2,NA,NA,NA,NA,NA,NA,NA,NA,NA,NA,NA,NA,"G","C","G","A","G","A","A",NA
1,NA,NA,NA,NA,NA,NA,NA,NA,NA,NA,NA,NA,"G","C","G","G","G","G","G",NA
3,NA,NA,NA,NA,NA,NA,NA,NA,NA,NA,NA,NA,"G","T","A","G","G","G","A","C"
15,NA,NA,NA,NA,NA,NA,NA,NA,NA,NA,NA,NA,"G","T","A","G","G","G","A",NA
6,NA,NA,NA,NA,NA,NA,NA,NA,NA,NA,NA,NA,"G","T","G","A","A","A","G",NA
3,NA,NA,NA,NA,NA,NA,NA,NA,NA,NA,NA,NA,"G","T","G","A","A","A","G","T"
1,NA,NA,NA,NA,NA,NA,NA,NA,NA,NA,NA,NA,"G","T","G","A","G","A","G","T"
3,NA,NA,NA,NA,NA,NA,NA,NA,NA,NA,NA,NA,"G","T","G","A","G","G","A",NA
2,NA,NA,NA,NA,NA,NA,NA,NA,NA,NA,NA,NA,"G","T","G","A","G","G","A","T"
2,NA,NA,NA,NA,NA,NA,NA,NA,NA,NA,NA,NA,"G","T","G","G","A","G","A",NA
1,NA,NA,NA,NA,NA,NA,NA,NA,NA,NA,NA,NA,"G","T","G","G","G","G","G","C"
27,NA,NA,NA,NA,NA,NA,NA,NA,NA,NA,NA,NA,"G","T","G","G","G","G","G",NA
7,NA,NA,NA,NA,NA,NA,NA,NA,NA,NA,NA,NA,"G","T","G","G","G","G","G","T"
4,NA,NA,NA,NA,NA,NA,NA,NA,NA,NA,NA,NA,NA,"C","A","G","G","G","A","C"
1,NA,NA,NA,NA,NA,NA,NA,NA,NA,NA,NA,NA,NA,"C","G","A","A","A","G","T"
6,NA,NA,NA,NA,NA,NA,NA,NA,NA,NA,NA,NA,NA,"C","G","A","G","A","A","C"
318,NA,NA,NA,NA,NA,NA,NA,NA,NA,NA,NA,NA,NA,"C","G","A","G","A","A","T"
2,NA,NA,NA,NA,NA,NA,NA,NA,NA,NA,NA,NA,NA,"C","G","G","A","G","A","T"
12,NA,NA,NA,NA,NA,NA,NA,NA,NA,NA,NA,NA,NA,"C","G","G","G","G","G","T"
5,NA,NA,NA,NA,NA,NA,NA,NA,NA,NA,NA,NA,NA,NA,"A","A","G","A","A","T"
1,NA,NA,NA,NA,NA,NA,NA,NA,NA,NA,NA,NA,NA,NA,"A","G","A","G","A","T"
1,NA,NA,NA,NA,NA,NA,NA,NA,NA,NA,NA,NA,NA,NA,"A","G","G","A","A","C"
120,NA,NA,NA,NA,NA,NA,NA,NA,NA,NA,NA,NA,NA,NA,"A","G","G","G","A","C"
1,NA,NA,NA,NA,NA,NA,NA,NA,NA,NA,NA,NA,NA,NA,"A","G","G","G","G","T"
61,NA,NA,NA,NA,NA,NA,NA,NA,NA,NA,NA,NA,NA,NA,"G","A","A","A","G","T"
1,NA,NA,NA,NA,NA,NA,NA,NA,NA,NA,NA,NA,NA,NA,"G","A","G","A","A","C"
505,NA,NA,NA,NA,NA,NA,NA,NA,NA,NA,NA,NA,NA,NA,"G","A","G","A","A","T"
9,NA,NA,NA,NA,NA,NA,NA,NA,NA,NA,NA,NA,NA,NA,"G","A","G","A","G","T"
17,NA,NA,NA,NA,NA,NA,NA,NA,NA,NA,NA,NA,NA,NA,"G","A","G","G","A","T"
1,NA,NA,NA,NA,NA,NA,NA,NA,NA,NA,NA,NA,NA,NA,"G","A","G","G","G","T"
32,NA,NA,NA,NA,NA,NA,NA,NA,NA,NA,NA,NA,NA,NA,"G","G","A","G","A","T"
1,NA,NA,NA,NA,NA,NA,NA,NA,NA,NA,NA,NA,NA,NA,"G","G","A","G","G","T"
1,NA,NA,NA,NA,NA,NA,NA,NA,NA,NA,NA,NA,NA,NA,"G","G","G","A","A","T"
2,NA,NA,NA,NA,NA,NA,NA,NA,NA,NA,NA,NA,NA,NA,"G","G","G","G","A","C"
1,NA,NA,NA,NA,NA,NA,NA,NA,NA,NA,NA,NA,NA,NA,"G","G","G","G","A","T"
248,NA,NA,NA,NA,NA,NA,NA,NA,NA,NA,NA,NA,NA,NA,"G","G","G","G","G","T"
2,NA,NA,NA,NA,NA,NA,NA,NA,NA,NA,NA,NA,NA,NA,NA,"A","A","A","A","T"
1,NA,NA,NA,NA,NA,NA,NA,NA,NA,NA,NA,NA,NA,NA,NA,"A","A","A","G","C"
102,NA,NA,NA,NA,NA,NA,NA,NA,NA,NA,NA,NA,NA,NA,NA,"A","A","A","G","T"
1,NA,NA,NA,NA,NA,NA,NA,NA,NA,NA,NA,NA,NA,NA,NA,"A","A","G","A","T"
2,NA,NA,NA,NA,NA,NA,NA,NA,NA,NA,NA,NA,NA,NA,NA,"A","G","A","A","C"
930,NA,NA,NA,NA,NA,NA,NA,NA,NA,NA,NA,NA,NA,NA,NA,"A","G","A","A","T"
26,NA,NA,NA,NA,NA,NA,NA,NA,NA,NA,NA,NA,NA,NA,NA,"A","G","A","G","T"
2,NA,NA,NA,NA,NA,NA,NA,NA,NA,NA,NA,NA,NA,NA,NA,"A","G","G","A","C"
30,NA,NA,NA,NA,NA,NA,NA,NA,NA,NA,NA,NA,NA,NA,NA,"A","G","G","A","T"
14,NA,NA,NA,NA,NA,NA,NA,NA,NA,NA,NA,NA,NA,NA,NA,"A","G","G","G","T"
2,NA,NA,NA,NA,NA,NA,NA,NA,NA,NA,NA,NA,NA,NA,NA,"G","A","A","G","T"
4,NA,NA,NA,NA,NA,NA,NA,NA,NA,NA,NA,NA,NA,NA,NA,"G","A","G","A","C"
57,NA,NA,NA,NA,NA,NA,NA,NA,NA,NA,NA,NA,NA,NA,NA,"G","A","G","A","T"
2,NA,NA,NA,NA,NA,NA,NA,NA,NA,NA,NA,NA,NA,NA,NA,"G","A","G","G","T"
3,NA,NA,NA,NA,NA,NA,NA,NA,NA,NA,NA,NA,NA,NA,NA,"G","G","A","A","C"
6,NA,NA,NA,NA,NA,NA,NA,NA,NA,NA,NA,NA,NA,NA,NA,"G","G","A","A","T"
6,NA,NA,NA,NA,NA,NA,NA,NA,NA,NA,NA,NA,NA,NA,NA,"G","G","A","G","T"
224,NA,NA,NA,NA,NA,NA,NA,NA,NA,NA,NA,NA,NA,NA,NA,"G","G","G","A","C"
3,NA,NA,NA,NA,NA,NA,NA,NA,NA,NA,NA,NA,NA,NA,NA,"G","G","G","A","T"
2,NA,NA,NA,NA,NA,NA,NA,NA,NA,NA,NA,NA,NA,NA,NA,"G","G","G","G","C"
471,NA,NA,NA,NA,NA,NA,NA,NA,NA,NA,NA,NA,NA,NA,NA,"G","G","G","G","T"
7,NA,NA,NA,NA,NA,NA,NA,NA,NA,NA,NA,NA,NA,NA,NA,NA,"A","A","A","T"
17,NA,NA,NA,NA,NA,NA,NA,NA,NA,NA,NA,NA,NA,NA,NA,NA,"A","A","G","T"
2,NA,NA,NA,NA,NA,NA,NA,NA,NA,NA,NA,NA,NA,NA,NA,NA,"A","G","A","C"
6,NA,NA,NA,NA,NA,NA,NA,NA,NA,NA,NA,NA,NA,NA,NA,NA,"A","G","A","T"
1,NA,NA,NA,NA,NA,NA,NA,NA,NA,NA,NA,NA,NA,NA,NA,NA,"A","G","G","T"
1,NA,NA,NA,NA,NA,NA,NA,NA,NA,NA,NA,NA,NA,NA,NA,NA,"G","A","A","C"
160,NA,NA,NA,NA,NA,NA,NA,NA,NA,NA,NA,NA,NA,NA,NA,NA,"G","A","A","T"
4,NA,NA,NA,NA,NA,NA,NA,NA,NA,NA,NA,NA,NA,NA,NA,NA,"G","A","G","T"
38,NA,NA,NA,NA,NA,NA,NA,NA,NA,NA,NA,NA,NA,NA,NA,NA,"G","G","A","C"
7,NA,NA,NA,NA,NA,NA,NA,NA,NA,NA,NA,NA,NA,NA,NA,NA,"G","G","A","T"
1,NA,NA,NA,NA,NA,NA,NA,NA,NA,NA,NA,NA,NA,NA,NA,NA,"G","G","G","C"
66,NA,NA,NA,NA,NA,NA,NA,NA,NA,NA,NA,NA,NA,NA,NA,NA,"G","G","G","T"
1,NA,NA,NA,NA,NA,NA,NA,NA,NA,NA,NA,NA,NA,NA,NA,NA,NA,"A","A","C"
38,NA,NA,NA,NA,NA,NA,NA,NA,NA,NA,NA,NA,NA,NA,NA,NA,NA,"A","A","T"
6,NA,NA,NA,NA,NA,NA,NA,NA,NA,NA,NA,NA,NA,NA,NA,NA,NA,"A","G","T"
19,NA,NA,NA,NA,NA,NA,NA,NA,NA,NA,NA,NA,NA,NA,NA,NA,NA,"G","A","C"
7,NA,NA,NA,NA,NA,NA,NA,NA,NA,NA,NA,NA,NA,NA,NA,NA,NA,"G","A","T"
20,NA,NA,NA,NA,NA,NA,NA,NA,NA,NA,NA,NA,NA,NA,NA,NA,NA,"G","G","T"
48,NA,NA,NA,NA,NA,NA,NA,NA,NA,NA,NA,NA,NA,NA,NA,NA,NA,NA,"A","C"
224,NA,NA,NA,NA,NA,NA,NA,NA,NA,NA,NA,NA,NA,NA,NA,NA,NA,NA,"A","T"
2,NA,NA,NA,NA,NA,NA,NA,NA,NA,NA,NA,NA,NA,NA,NA,NA,NA,NA,"G","C"
132,NA,NA,NA,NA,NA,NA,NA,NA,NA,NA,NA,NA,NA,NA,NA,NA,NA,NA,"G","T"
297,NA,NA,NA,NA,NA,NA,NA,NA,NA,NA,NA,NA,NA,NA,NA,NA,NA,NA,NA,"C"
1957,NA,NA,NA,NA,NA,NA,NA,NA,NA,NA,NA,NA,NA,NA,NA,NA,NA,NA,NA,"T"
60,NA,NA,NA,NA,NA,NA,NA,NA,NA,NA,NA,NA,NA,"T","A","G","G","G","A","C"
5,NA,NA,NA,NA,NA,NA,NA,NA,NA,NA,NA,NA,NA,"T","A","G","G","G","A","T"
34,NA,NA,NA,NA,NA,NA,NA,NA,NA,NA,NA,NA,NA,"T","G","A","A","A","G","T"
1,NA,NA,NA,NA,NA,NA,NA,NA,NA,NA,NA,NA,NA,"T","G","A","A","G","A","T"
1,NA,NA,NA,NA,NA,NA,NA,NA,NA,NA,NA,NA,NA,"T","G","A","G","A","A","T"
3,NA,NA,NA,NA,NA,NA,NA,NA,NA,NA,NA,NA,NA,"T","G","A","G","A","G","T"
6,NA,NA,NA,NA,NA,NA,NA,NA,NA,NA,NA,NA,NA,"T","G","A","G","G","A","T"
20,NA,NA,NA,NA,NA,NA,NA,NA,NA,NA,NA,NA,NA,"T","G","G","A","G","A","T"
1,NA,NA,NA,NA,NA,NA,NA,NA,NA,NA,NA,NA,NA,"T","G","G","G","G","G","C"
151,NA,NA,NA,NA,NA,NA,NA,NA,NA,NA,NA,NA,NA,"T","G","G","G","G","G","T"
90,NA,NA,NA,NA,NA,NA,NA,NA,NA,"T","A","G","A","C","G","A","G","A","A",NA
1,NA,NA,NA,NA,NA,NA,NA,NA,NA,"T","A","G","G","T","A","G","G","G","G",NA
1,NA,NA,NA,NA,NA,NA,NA,NA,NA,"T","A","G","G","T","G","A","A","A","G",NA
2,NA,NA,NA,NA,NA,NA,NA,NA,NA,"T","A","G","G","T","G","A","G","A","G",NA
1,NA,NA,NA,NA,NA,NA,NA,NA,NA,"T","A","G","G","T","G","A","G","G","G",NA
2,NA,NA,NA,NA,NA,NA,NA,NA,NA,"T","A","G","G","T","G","G","A","G","A",NA
41,NA,NA,NA,NA,NA,NA,NA,NA,NA,"T","A","G","G","T","G","G","G","G","G",NA
1,NA,NA,NA,NA,NA,NA,NA,NA,NA,"T","G","A","G","T","A","G","G","G","A",NA
1,NA,NA,NA,NA,NA,NA,NA,NA,NA,"T","G","G","A","C","G","A","G","A","A",NA
1,NA,NA,NA,NA,NA,NA,NA,NA,NA,"T","G","G","G","T","G","A","A","A","G",NA
4,NA,NA,NA,NA,NA,NA,NA,NA,NA,"T","G","G","G","T","G","A","G","G","A",NA
1,NA,NA,NA,NA,NA,NA,NA,NA,NA,"T","G","G","G","T","G","G","G","G","G",NA
1,NA,NA,NA,NA,NA,"T","A","A","A","T","A","G","G","T","G",NA,NA,NA,NA,NA
12,NA,NA,NA,NA,NA,"T","A","A","A","T","A","G","G","T",NA,NA,NA,NA,NA,NA
2,NA,NA,NA,NA,NA,"T","A","A","G","C","A","G","G","T",NA,NA,NA,NA,NA,NA
5,NA,NA,NA,NA,NA,"T","A","G","A","C","G","A","G","T","A",NA,NA,NA,NA,NA
1,NA,NA,NA,NA,NA,"T","A","G","A","C","G","A","G","T","G",NA,NA,NA,NA,NA
38,NA,NA,NA,NA,NA,"T","A","G","A","C","G","A","G","T",NA,NA,NA,NA,NA,NA
1,NA,NA,NA,NA,NA,"T","A","G","A","T","A","G","G","T",NA,NA,NA,NA,NA,NA
17,NA,NA,NA,NA,NA,"T","A","G","G","T","A","G","A","C","G",NA,NA,NA,NA,NA
179,NA,NA,NA,NA,NA,"T","A","G","G","T","A","G","A","C",NA,NA,NA,NA,NA,NA
1,NA,NA,NA,NA,NA,"T","A","G","G","T","G","G","G","T","G",NA,NA,NA,NA,NA
7,NA,NA,NA,NA,NA,"T","A","G","G","T","G","G","G","T",NA,NA,NA,NA,NA,NA
6,NA,NA,NA,NA,NA,"T","G","A","A","T","A","G","G","T","G",NA,NA,NA,NA,NA
86,NA,NA,NA,NA,NA,"T","G","A","A","T","A","G","G","T",NA,NA,NA,NA,NA,NA
1,NA,NA,NA,"T","A","C","A","A","G","C","A","G","G","C",NA,NA,NA,NA,NA,NA
1,NA,NA,NA,"T","A","C","A","A","G","C","A","G","G",NA,NA,NA,NA,NA,NA,NA
9,NA,NA,NA,"T","A","C","A","A","G","C","A","G","G","T",NA,NA,NA,NA,NA,NA
2,NA,NA,NA,"T","A","T","A","G","G","T","A","G","A","C",NA,NA,NA,NA,NA,NA
1,NA,NA,NA,"T","G","T","G","A","A","T","A","G","G","T",NA,NA,NA,NA,NA,NA
4,"T","A","A","C","A","C",NA,NA,NA,NA,NA,NA,NA,NA,NA,NA,NA,NA,NA,NA
216,"T","A","A","C","A",NA,NA,NA,NA,NA,NA,NA,NA,NA,NA,NA,NA,NA,NA,NA
4,"T","A","A","C","A","T","A","A",NA,NA,NA,NA,NA,NA,NA,NA,NA,NA,NA,NA
2,"T","A","A","C","A","T","A","G","A",NA,NA,NA,NA,NA,NA,NA,NA,NA,NA,NA
1,"T","A","A","C","A","T","A","G","A","T","A",NA,NA,NA,NA,NA,NA,NA,NA,NA
3,"T","A","A","C","A","T","A","G","A","T",NA,NA,NA,NA,NA,NA,NA,NA,NA,NA
1,"T","A","A","C","A","T","A","G","G","C","A",NA,NA,NA,NA,NA,NA,NA,NA,NA
1,"T","A","A","C","A","T","A","G","G","C",NA,NA,NA,NA,NA,NA,NA,NA,NA,NA
89,"T","A","A","C","A","T","A","G","G",NA,NA,NA,NA,NA,NA,NA,NA,NA,NA,NA
42,"T","A","A","C","A","T","A","G","G","T","A",NA,NA,NA,NA,NA,NA,NA,NA,NA
1,"T","A","A","C","A","T","A","G","G","T","G",NA,NA,NA,NA,NA,NA,NA,NA,NA
120,"T","A","A","C","A","T","A","G","G","T",NA,NA,NA,NA,NA,NA,NA,NA,NA,NA
816,"T","A","A","C","A","T","A","G",NA,NA,NA,NA,NA,NA,NA,NA,NA,NA,NA,NA
467,"T","A","A","C","A","T","A",NA,NA,NA,NA,NA,NA,NA,NA,NA,NA,NA,NA,NA
1,"T","A","A","C","A","T","G","G","G","T",NA,NA,NA,NA,NA,NA,NA,NA,NA,NA
2,"T","A","A","C","A","T","G","G",NA,NA,NA,NA,NA,NA,NA,NA,NA,NA,NA,NA
3,"T","A","A","C","A","T","G",NA,NA,NA,NA,NA,NA,NA,NA,NA,NA,NA,NA,NA
643,"T","A","A","C","A","T",NA,NA,NA,NA,NA,NA,NA,NA,NA,NA,NA,NA,NA,NA
6,"T","A","A","C","G",NA,NA,NA,NA,NA,NA,NA,NA,NA,NA,NA,NA,NA,NA,NA
1,"T","A","A","C","G","T","G","A","A",NA,NA,NA,NA,NA,NA,NA,NA,NA,NA,NA
1,"T","A","A","C","G","T","G","A","A","T",NA,NA,NA,NA,NA,NA,NA,NA,NA,NA
2,"T","A","A","C","G","T","G","A",NA,NA,NA,NA,NA,NA,NA,NA,NA,NA,NA,NA
3,"T","A","A","C","G","T",NA,NA,NA,NA,NA,NA,NA,NA,NA,NA,NA,NA,NA,NA
207,"T","A","A","C",NA,NA,NA,NA,NA,NA,NA,NA,NA,NA,NA,NA,NA,NA,NA,NA
111,"T","A","A",NA,NA,NA,NA,NA,NA,NA,NA,NA,NA,NA,NA,NA,NA,NA,NA,NA
2,"T","A","A","T","A",NA,NA,NA,NA,NA,NA,NA,NA,NA,NA,NA,NA,NA,NA,NA
1,"T","A","A","T","A","T","A","G","G",NA,NA,NA,NA,NA,NA,NA,NA,NA,NA,NA
2,"T","A","A","T",NA,NA,NA,NA,NA,NA,NA,NA,NA,NA,NA,NA,NA,NA,NA,NA
1,"T","A","G","C","A","T","A","G","G",NA,NA,NA,NA,NA,NA,NA,NA,NA,NA,NA
1,"T","A","G","C","A","T","A","G","G","T","A",NA,NA,NA,NA,NA,NA,NA,NA,NA
2,"T","A","G","C","A","T","A","G",NA,NA,NA,NA,NA,NA,NA,NA,NA,NA,NA,NA
5,"T","A","G",NA,NA,NA,NA,NA,NA,NA,NA,NA,NA,NA,NA,NA,NA,NA,NA,NA
341,"T","A",NA,NA,NA,NA,NA,NA,NA,NA,NA,NA,NA,NA,NA,NA,NA,NA,NA,NA
20,"T","G","A","C","A",NA,NA,NA,NA,NA,NA,NA,NA,NA,NA,NA,NA,NA,NA,NA
2,"T","G","A","C","A","T","A","A","A",NA,NA,NA,NA,NA,NA,NA,NA,NA,NA,NA
3,"T","G","A","C","A","T","A","A","A","T","A",NA,NA,NA,NA,NA,NA,NA,NA,NA
1,"T","G","A","C","A","T","A","A","A","T","G",NA,NA,NA,NA,NA,NA,NA,NA,NA
9,"T","G","A","C","A","T","A","A","A","T",NA,NA,NA,NA,NA,NA,NA,NA,NA,NA
1,"T","G","A","C","A","T","A","A","G",NA,NA,NA,NA,NA,NA,NA,NA,NA,NA,NA
2,"T","G","A","C","A","T","A","A","G","T",NA,NA,NA,NA,NA,NA,NA,NA,NA,NA
46,"T","G","A","C","A","T","A","A",NA,NA,NA,NA,NA,NA,NA,NA,NA,NA,NA,NA
4,"T","G","A","C","A","T","A","G","A","C",NA,NA,NA,NA,NA,NA,NA,NA,NA,NA
2,"T","G","A","C","A","T","A","G","A",NA,NA,NA,NA,NA,NA,NA,NA,NA,NA,NA
3,"T","G","A","C","A","T","A","G","A","T",NA,NA,NA,NA,NA,NA,NA,NA,NA,NA
17,"T","G","A","C","A","T","A","G",NA,NA,NA,NA,NA,NA,NA,NA,NA,NA,NA,NA
47,"T","G","A","C","A","T","A",NA,NA,NA,NA,NA,NA,NA,NA,NA,NA,NA,NA,NA
1,"T","G","A","C","A","T","G","A","A",NA,NA,NA,NA,NA,NA,NA,NA,NA,NA,NA
1,"T","G","A","C","A","T","G","A",NA,NA,NA,NA,NA,NA,NA,NA,NA,NA,NA,NA
2,"T","G","A","C","A","T","G",NA,NA,NA,NA,NA,NA,NA,NA,NA,NA,NA,NA,NA
63,"T","G","A","C","A","T",NA,NA,NA,NA,NA,NA,NA,NA,NA,NA,NA,NA,NA,NA
1,"T","G","A","C","G","C","G","A","A","T",NA,NA,NA,NA,NA,NA,NA,NA,NA,NA
1,"T","G","A","C","G","C","G",NA,NA,NA,NA,NA,NA,NA,NA,NA,NA,NA,NA,NA
1,"T","G","A","C","G","C",NA,NA,NA,NA,NA,NA,NA,NA,NA,NA,NA,NA,NA,NA
94,"T","G","A","C","G",NA,NA,NA,NA,NA,NA,NA,NA,NA,NA,NA,NA,NA,NA,NA
2,"T","G","A","C","G","T","A","A",NA,NA,NA,NA,NA,NA,NA,NA,NA,NA,NA,NA
1,"T","G","A","C","G","T","A","G",NA,NA,NA,NA,NA,NA,NA,NA,NA,NA,NA,NA
13,"T","G","A","C","G","T","A",NA,NA,NA,NA,NA,NA,NA,NA,NA,NA,NA,NA,NA
44,"T","G","A","C","G","T","G","A","A",NA,NA,NA,NA,NA,NA,NA,NA,NA,NA,NA
19,"T","G","A","C","G","T","G","A","A","T","A",NA,NA,NA,NA,NA,NA,NA,NA,NA
49,"T","G","A","C","G","T","G","A","A","T",NA,NA,NA,NA,NA,NA,NA,NA,NA,NA
3,"T","G","A","C","G","T","G","A","G",NA,NA,NA,NA,NA,NA,NA,NA,NA,NA,NA
3,"T","G","A","C","G","T","G","A","G","T",NA,NA,NA,NA,NA,NA,NA,NA,NA,NA
388,"T","G","A","C","G","T","G","A",NA,NA,NA,NA,NA,NA,NA,NA,NA,NA,NA,NA
15,"T","G","A","C","G","T","G","G",NA,NA,NA,NA,NA,NA,NA,NA,NA,NA,NA,NA
245,"T","G","A","C","G","T","G",NA,NA,NA,NA,NA,NA,NA,NA,NA,NA,NA,NA,NA
325,"T","G","A","C","G","T",NA,NA,NA,NA,NA,NA,NA,NA,NA,NA,NA,NA,NA,NA
122,"T","G","A","C",NA,NA,NA,NA,NA,NA,NA,NA,NA,NA,NA,NA,NA,NA,NA,NA
65,"T","G","A",NA,NA,NA,NA,NA,NA,NA,NA,NA,NA,NA,NA,NA,NA,NA,NA,NA
2,"T","G","A","T","A",NA,NA,NA,NA,NA,NA,NA,NA,NA,NA,NA,NA,NA,NA,NA
2,"T","G","A","T","G","T","G",NA,NA,NA,NA,NA,NA,NA,NA,NA,NA,NA,NA,NA
4,"T","G","A","T",NA,NA,NA,NA,NA,NA,NA,NA,NA,NA,NA,NA,NA,NA,NA,NA
1,"T","G","G","C",NA,NA,NA,NA,NA,NA,NA,NA,NA,NA,NA,NA,NA,NA,NA,NA
12,"T","G","G",NA,NA,NA,NA,NA,NA,NA,NA,NA,NA,NA,NA,NA,NA,NA,NA,NA
1,"T","G","G","T","A","C","A","A","A","C",NA,NA,NA,NA,NA,NA,NA,NA,NA,NA
4,"T","G","G","T","A","C","A","A","G","C","A",NA,NA,NA,NA,NA,NA,NA,NA,NA
9,"T","G","G","T","A","C","A","A","G","C",NA,NA,NA,NA,NA,NA,NA,NA,NA,NA
16,"T","G","G","T","A","C","A","A","G",NA,NA,NA,NA,NA,NA,NA,NA,NA,NA,NA
110,"T","G","G","T","A","C","A","A",NA,NA,NA,NA,NA,NA,NA,NA,NA,NA,NA,NA
1,"T","G","G","T","A","C","A","G",NA,NA,NA,NA,NA,NA,NA,NA,NA,NA,NA,NA
56,"T","G","G","T","A","C","A",NA,NA,NA,NA,NA,NA,NA,NA,NA,NA,NA,NA,NA
1,"T","G","G","T","A","C","G",NA,NA,NA,NA,NA,NA,NA,NA,NA,NA,NA,NA,NA
100,"T","G","G","T","A","C",NA,NA,NA,NA,NA,NA,NA,NA,NA,NA,NA,NA,NA,NA
33,"T","G","G","T","A",NA,NA,NA,NA,NA,NA,NA,NA,NA,NA,NA,NA,NA,NA,NA
3,"T","G","G","T","A","T",NA,NA,NA,NA,NA,NA,NA,NA,NA,NA,NA,NA,NA,NA
27,"T","G","G","T",NA,NA,NA,NA,NA,NA,NA,NA,NA,NA,NA,NA,NA,NA,NA,NA
219,"T","G",NA,NA,NA,NA,NA,NA,NA,NA,NA,NA,NA,NA,NA,NA,NA,NA,NA,NA
434,"T",NA,NA,NA,NA,NA,NA,NA,NA,NA,NA,NA,NA,NA,NA,NA,NA,NA,NA,NA
